{"TG Southee":9.107142857142858,"CH Morris":7.813953488372093,"DS Kulkarni":8.285714285714286,"PV Tambe":7.852941176470588,"DJ Hooda":8.637362637362637,"JP Faulkner":9.622222222222222,"JD Unadkat":10,"NM Coulter-Nile":7.788235294117647,"AD Mathews":8.3,"A Mishra":7.767634854771785,"Imran Tahir":8.873239436619718,"Yuvraj Singh":8.333333333333334,"B Kumar":8.109677419354838,"TA Boult":8.535714285714286,"I Sharma":11.5,"KV Sharma":8.485355648535565,"RS Bopara":8.2,"Parvez Rasool":6.2,"A Nehra":7.306451612903226,"MM Sharma":8.456140350877194,"IC Pandey":7.354838709677419,"R Ashwin":5.871794871794871,"DJ Bravo":8.445859872611464,"RA Jadeja":7.828125,"JA Morkel":9.416666666666666,"DJ Muthuswami":7.714285714285714,"JP Duminy":7.529411764705882,"P Kumar":9.38888888888889,"A Ashish Reddy":8.5,"SA Abbott":11.4,"HV Patel":7.733840304182509,"VR Aaron":10.384615384615385,"AN Ahmed":10.75,"DJG Sammy":8.666666666666666,"YS Chahal":8.882562277580071,"P Suyal":9.7,"SL Malinga":7.55,"J Suchith":8.666666666666666,"Harbhajan Singh":7.859649122807017,"R Vinay Kumar":8.528735632183908,"KA Pollard":9.552631578947368,"UT Yadav":9.214285714285714,"M Morkel":7.571428571428571,"Shakib Al Hasan":8.785714285714286,"SP Narine":7.6875,"AD Russell":8.163934426229508,"PP Chawla":7.857142857142857,"CJ Anderson":8.25,"JJ Bumrah":12.266666666666667,"PP Ojha":11.5,"Sandeep Sharma":7.18,"Anureet Singh":9.23225806451613,"MG Johnson":9.522935779816514,"AR Patel":8.55,"R Dhawan":9.25,"STR Binny":7.526315789473684,"Iqbal Abdulla":7.894736842105263,"D Wiese":8.503937007874015,"MJ McClenaghan":8.404255319148936,"HH Pandya":10.470588235294118,"S Nadeem":6.142857142857143,"M Vijay":7,"MC Henriques":6.56,"Karanveer Singh":11.357142857142858,"KC Cariappa":14,"YK Pathan":10,"PJ Cummins":10.3,"GB Hogg":7.0476190476190474,"P Negi":8.633333333333333,"RG More":10.8,"NLTC Perera":9.166666666666666,"J Botha":8.2,"DW Steyn":9,"Bipul Sharma":7.142857142857143,"GJ Maxwell":9.7,"Ankit Sharma":8.142857142857142,"SR Watson":9.413793103448276,"MA Starc":7.116279069767442,"Z Khan":6.579310344827586,"SN Thakur":13,"GS Sandhu":10.75,"R Bhatia":9.4,"AB Dinda":12.6,"S Gopal":10.615384615384617,"Shivam Sharma":14.666666666666666,"R Tewatia":10.333333333333334,"SK Raina":7.833333333333333,"J Yadav":4.142857142857143,"S Aravind":7.333333333333333,"BE Hendricks":8.615384615384615,"CH Gayle":8,"DR Smith":8.5,"V Kohli":5.454545454545455,"RN ten Doeschate":4,"Gurkeerat Singh":7.333333333333333,"Azhar Mahmood":13.666666666666666,"BB Sran":12,"J Theron":10.25,"M de Lange":7.5}